"unit","frame","path","width","height","sha256"
"arin","idle_0","assets/sprites/characters/battle/frames/arin/idle_0.png","224","336","d6024c3d2f69bf405dac40afc89fc7dd598e1410dd378b6d34a269a95a54ea67"
"arin","idle_1","assets/sprites/characters/battle/frames/arin/idle_1.png","224","336","a0e94bec0f1abc79d6108c57777379fc412ff2cb83cd28d0ea11aa45bf2500e8"
"arin","idle_2","assets/sprites/characters/battle/frames/arin/idle_2.png","224","336","80e78aa2080be6667009246635ff2873d3f2d7b64cfa7160df62b64934ebb739"
"arin","idle_3","assets/sprites/characters/battle/frames/arin/idle_3.png","224","336","3e560db0fc4c4ef8ffd88ba62d29eec584971685dbc1310624602bf357bbcc3a"
"arin","attack_0","assets/sprites/characters/battle/frames/arin/attack_0.png","224","336","7433cadd8c674bf9eacdef496146437dd0e4451aae819abe7dde14731428b5de"
"arin","attack_1","assets/sprites/characters/battle/frames/arin/attack_1.png","224","336","c22b348383902a2e2bb7aff06030707ed5cb469b9d26af9e87954f1b347b7860"
"arin","attack_2","assets/sprites/characters/battle/frames/arin/attack_2.png","224","336","485c109a40388c9c666ff84906e827a5fef4358c16b1417a1e3b43bcaff13075"
"arin","attack_3","assets/sprites/characters/battle/frames/arin/attack_3.png","224","336","b222fea019eb0eed8e1b2cd403e476b33bd60413693b62b9a0b9341ac96bce02"
"arin","hit_0","assets/sprites/characters/battle/frames/arin/hit_0.png","224","336","b6c7df40517f27a1fb529da41bf9aa42d19951f46e65b466b48265c588966fad"
"arin","hit_1","assets/sprites/characters/battle/frames/arin/hit_1.png","224","336","b2e36282bf4bdc7d3b6c7047fa5c9bc0652eb2c6efa9951221fd97f017786348"
"arin","death_0","assets/sprites/characters/battle/frames/arin/death_0.png","224","336","b8654263578999f6e117a6d0895ab5a2ab7551eae48fc4791349c95c960e9dff"
"arin","death_1","assets/sprites/characters/battle/frames/arin/death_1.png","224","336","7a4d4097b45a011011f223d9d5a72b438a366ce9051636d808fb1271c3efbe9d"
"arin","death_2","assets/sprites/characters/battle/frames/arin/death_2.png","224","336","cba25969997dee94c42906893e5663d0395c0ec65c896c3e81a46abef3132d94"
"arin","death_3","assets/sprites/characters/battle/frames/arin/death_3.png","224","336","add2249e7d2e2957600b70f4a461cbf7a20acfe5c5d16d271fe2687275d63c19"
"gangji","idle_0","assets/sprites/characters/battle/frames/gangji/idle_0.png","224","336","4ec258ea37b413a8d582632c4106787daf1b9198a64b309f68b03b21155263c0"
"gangji","idle_1","assets/sprites/characters/battle/frames/gangji/idle_1.png","224","336","8477982d7b8baa188a35037762a5102338cd46d9586bcf8a099be1580d18cfbc"
"gangji","idle_2","assets/sprites/characters/battle/frames/gangji/idle_2.png","224","336","e8cf135f19c41d59a04a766b64037eb48c17472eff552b19956569775fe16b2f"
"gangji","idle_3","assets/sprites/characters/battle/frames/gangji/idle_3.png","224","336","140ebea39302d7f8f00675febd428c9ac624510d29f70ef8a804f8d73b8fcdb5"
"gangji","attack_0","assets/sprites/characters/battle/frames/gangji/attack_0.png","224","336","fa3725db7e95fc97905bf8f8d08917981046771aebce05307a9d5e0f5897d692"
"gangji","attack_1","assets/sprites/characters/battle/frames/gangji/attack_1.png","224","336","ae6130b82f4567e611f9ac4c3ea0a1316a892dfc0534ff3de67a2aad2efae90c"
"gangji","attack_2","assets/sprites/characters/battle/frames/gangji/attack_2.png","224","336","d27ef2a7390b11050cb2da2d5108bf94d59b6b763197dbdd10d71734694a8b41"
"gangji","attack_3","assets/sprites/characters/battle/frames/gangji/attack_3.png","224","336","092745a6cec6233b0c08fbda044bdf1ffe436407ad1502f4bf2d5715f51b9e60"
"gangji","hit_0","assets/sprites/characters/battle/frames/gangji/hit_0.png","224","336","46e63ddc689bd08bc61d3dea8951689a53de637e2b2961e494bcb346e51535e1"
"gangji","hit_1","assets/sprites/characters/battle/frames/gangji/hit_1.png","224","336","91bdec69104460f1c81bf5b42d4a9450d89b6380b3e298bdece163c979ec093a"
"gangji","death_0","assets/sprites/characters/battle/frames/gangji/death_0.png","224","336","66e8de1771b1e4a85d35902ba879815ae4e7fc7fc820773e8742e61c2ae1e2ea"
"gangji","death_1","assets/sprites/characters/battle/frames/gangji/death_1.png","224","336","16865c40843046c2946b90c19e70a104222a604f54e6a8e0cd5dbb85afdc9861"
"gangji","death_2","assets/sprites/characters/battle/frames/gangji/death_2.png","224","336","578b9694c89ea497afd6808b8ed3ddddddf3906aac66d8c3067dfc88c9241f9f"
"gangji","death_3","assets/sprites/characters/battle/frames/gangji/death_3.png","224","336","8e99621349df0db668922b8f584a763f5ce501824d9f809096c0268f9198171a"
"harang","idle_0","assets/sprites/characters/battle/frames/harang/idle_0.png","224","336","f7a175754ee1390b10b8c51c33eef54da3cdc46ddfb7186df1f3bcba20b9206e"
"harang","idle_1","assets/sprites/characters/battle/frames/harang/idle_1.png","224","336","d3bdf9bff752059aa3a9df5051731d0356fbdd1f033a923fbfffc2cc61d28331"
"harang","idle_2","assets/sprites/characters/battle/frames/harang/idle_2.png","224","336","2d5be6777585361c6edd4823cf775e04469295ee19003bfae2733e7eb34e6716"
"harang","idle_3","assets/sprites/characters/battle/frames/harang/idle_3.png","224","336","626368868ba3cfe00fb8581c67f79bf24b33c6181e5ffc301574a6d5329bef2e"
"harang","attack_0","assets/sprites/characters/battle/frames/harang/attack_0.png","224","336","ba7f293be7e12f21bd97974f4ad82713a97ecd8b4d963524c38134c3c12b4786"
"harang","attack_1","assets/sprites/characters/battle/frames/harang/attack_1.png","224","336","ca9aca0cd99b8e91bc0060326a45b354040e088e36074684d8dffb2ff13219e0"
"harang","attack_2","assets/sprites/characters/battle/frames/harang/attack_2.png","224","336","03f486877ec6996e6ab9bcb75473b06257650ac3b697416a7b14a13cae4ebf3f"
"harang","attack_3","assets/sprites/characters/battle/frames/harang/attack_3.png","224","336","19c6e13c20b0f1d30a9af855c1c6a741a12fc81a890bb5ab0a5cfc0d16b6f502"
"harang","hit_0","assets/sprites/characters/battle/frames/harang/hit_0.png","224","336","d25236a9ee9dda7f7aa1121e7c4395ec74e6a51bf48877803e3fee9a5590d422"
"harang","hit_1","assets/sprites/characters/battle/frames/harang/hit_1.png","224","336","f19461bb16418f2500307260b4145517c97828d7c0ff792579be8ea3cb52b126"
"harang","death_0","assets/sprites/characters/battle/frames/harang/death_0.png","224","336","813cc18b7475496b161625d92d2ac4c423d4f892305cd5f36676b6c70f564efb"
"harang","death_1","assets/sprites/characters/battle/frames/harang/death_1.png","224","336","9c29c2679a1840c0d61c7b600f2209843d426b370b7e3de061f7a557fca7aeab"
"harang","death_2","assets/sprites/characters/battle/frames/harang/death_2.png","224","336","dad8843e5ceba315c76f101fde2595682ac5eb796d45bc3ff73346c3fefa83d7"
"harang","death_3","assets/sprites/characters/battle/frames/harang/death_3.png","224","336","9713f808f51714c5ca671efbef7c53aefe4d49ac8a9ec41695d70cec736a0b46"
"mammoth_beastfolk","idle_0","assets/sprites/enemies/battle/frames/mammoth_beastfolk/idle_0.png","248","312","383c1de07c9edda08ab8a81edfad2ee5feceb450ca02ab5206ac3f8ca1a31e10"
"mammoth_beastfolk","idle_1","assets/sprites/enemies/battle/frames/mammoth_beastfolk/idle_1.png","248","312","f96054cfdd3658e6efa41f2611bc76b402fc66b5c93195b109f266ef60e4336a"
"mammoth_beastfolk","idle_2","assets/sprites/enemies/battle/frames/mammoth_beastfolk/idle_2.png","248","312","88ebf9c82cb678e70d39708d26a6625f9fe18216a534eb319919236316754c4b"
"mammoth_beastfolk","idle_3","assets/sprites/enemies/battle/frames/mammoth_beastfolk/idle_3.png","248","312","500034ab5bdb83c74c6bdb4a3f92991cbc6cffc156cfef34735d84466ff216bd"
"mammoth_beastfolk","attack_0","assets/sprites/enemies/battle/frames/mammoth_beastfolk/attack_0.png","248","312","6d3910c3cf5a37ecb0f3cb76a51c42318d15094e2a5f4a09c8c6263bc8799561"
"mammoth_beastfolk","attack_1","assets/sprites/enemies/battle/frames/mammoth_beastfolk/attack_1.png","248","312","ac57bf45ca740554d8d709ece039362acab2b1619321dd9d2389747799bc25bf"
"mammoth_beastfolk","attack_2","assets/sprites/enemies/battle/frames/mammoth_beastfolk/attack_2.png","248","312","bbd98ccddb91fb39abe4469f5ca14bf5ff551f80b21ce9e0973bccfdcc760ffe"
"mammoth_beastfolk","attack_3","assets/sprites/enemies/battle/frames/mammoth_beastfolk/attack_3.png","248","312","bb3bf9ad901c930d55f8ead2b23d724699541240e829470153d31ae10732ca48"
"mammoth_beastfolk","hit_0","assets/sprites/enemies/battle/frames/mammoth_beastfolk/hit_0.png","248","312","c988264bb01903e68045e5de1c85554175410126429b130224ed7bba7e3c7f6a"
"mammoth_beastfolk","hit_1","assets/sprites/enemies/battle/frames/mammoth_beastfolk/hit_1.png","248","312","4136fcda588ae77eab60bef05bfe4bea4807350785c6e9e92d289f4b30b553cc"
"mammoth_beastfolk","death_0","assets/sprites/enemies/battle/frames/mammoth_beastfolk/death_0.png","248","312","f66f2438f7595c671151e746cce8717e8505d605134fd15af741c173d41d6d23"
"mammoth_beastfolk","death_1","assets/sprites/enemies/battle/frames/mammoth_beastfolk/death_1.png","248","312","5fe1240a15466f82909d63e906b1035ce46a60fa06bf96be98b2913e5c33b540"
"mammoth_beastfolk","death_2","assets/sprites/enemies/battle/frames/mammoth_beastfolk/death_2.png","248","312","95b88494b946c76785b4e0fe9a979eb7ab4b0e972a449d0d85a97ae2c6d5462b"
"mammoth_beastfolk","death_3","assets/sprites/enemies/battle/frames/mammoth_beastfolk/death_3.png","248","312","bba2a4d51e956fb43da30c11f012410c42465ade3d193337cb131ac379213156"
"mammoth_boss","idle_0","assets/sprites/enemies/battle/frames/mammoth_boss/idle_0.png","248","312","9d37bedbe1ed1b5b355a9d0a2874d4ada30a3845325f6ac49809ea1bb0fb2215"
"mammoth_boss","idle_1","assets/sprites/enemies/battle/frames/mammoth_boss/idle_1.png","248","312","92b9ab3a9ef6f91f89e19f2fc3f3ababc4c5fd058e78edcd87f024a9b3a5a5af"
"mammoth_boss","idle_2","assets/sprites/enemies/battle/frames/mammoth_boss/idle_2.png","248","312","a08369d45c1b26d33dbb69eafe955da6a5fc63197003083cb8cd3191e69ff5b0"
"mammoth_boss","idle_3","assets/sprites/enemies/battle/frames/mammoth_boss/idle_3.png","248","312","b1d6c941e2959c8528dd100be2603a6364278062c8ab7ddee00779be3141bc86"
"mammoth_boss","attack_0","assets/sprites/enemies/battle/frames/mammoth_boss/attack_0.png","248","312","b5507f19d7474eb598ddd46997b1c5430c709843ef0bc3084324d0fb8255d4e8"
"mammoth_boss","attack_1","assets/sprites/enemies/battle/frames/mammoth_boss/attack_1.png","248","312","2eab1459c13179e2935d68eaaa0cdc6b8388183d4ab2be00bc7f75ebc24d9f8a"
"mammoth_boss","attack_2","assets/sprites/enemies/battle/frames/mammoth_boss/attack_2.png","248","312","2f240cb92f190c830b5e3ad97bc8180a7bb44f2a1d269fa35fa5349bc701460a"
"mammoth_boss","attack_3","assets/sprites/enemies/battle/frames/mammoth_boss/attack_3.png","248","312","5ac36f24fdf85ef788fb2107505b82a15edb732faee56062ca225b50eaacacf8"
"mammoth_boss","hit_0","assets/sprites/enemies/battle/frames/mammoth_boss/hit_0.png","248","312","871f571172352d7e021ee0d28dd06b08f247eda37cf5140babffed090f56c4d7"
"mammoth_boss","hit_1","assets/sprites/enemies/battle/frames/mammoth_boss/hit_1.png","248","312","991d631452ad433c41a878a74f990d0a52797cb1832f9b9cc914583ca84eaaf3"
"mammoth_boss","death_0","assets/sprites/enemies/battle/frames/mammoth_boss/death_0.png","248","312","e0cc561cdba1a4ddba24c8f5fbc96134fe0636d8bd31a1f455d767fc329923f3"
"mammoth_boss","death_1","assets/sprites/enemies/battle/frames/mammoth_boss/death_1.png","248","312","b47f378e626a4ee8cabc3216fb87080a4696722953779b68b0ff7e069691132d"
"mammoth_boss","death_2","assets/sprites/enemies/battle/frames/mammoth_boss/death_2.png","248","312","4d08e19abd9bb24747b1df0c7e2a0c814693cb87d362c4852cbc782cefc4ac73"
"mammoth_boss","death_3","assets/sprites/enemies/battle/frames/mammoth_boss/death_3.png","248","312","c3eee158c16d1be4c93a081b8fdecbdd84532449b7f62e94694589356feda32a"
"mina","idle_0","assets/sprites/characters/battle/frames/mina/idle_0.png","224","336","54991c5ef810a2dca7b03e586af363e3807a4c605958b49991918db5f0f8c0f1"
"mina","idle_1","assets/sprites/characters/battle/frames/mina/idle_1.png","224","336","2ec4677de60869f09fc5f986a2fde598bf7e11d97e546179479df00e26f6b9b2"
"mina","idle_2","assets/sprites/characters/battle/frames/mina/idle_2.png","224","336","4ec1ece0a689eed166868bd258ffedeeb97da491144f6d299d4d5e5af16babe3"
"mina","idle_3","assets/sprites/characters/battle/frames/mina/idle_3.png","224","336","7c251b60d45b06bf8077610a3c6d1e0a8affdebd4a84d0398c2cdc58f9806c9a"
"mina","attack_0","assets/sprites/characters/battle/frames/mina/attack_0.png","224","336","f467a43bdb843591aa2a441406a079d6ada57a1bd365abc876626179329db77a"
"mina","attack_1","assets/sprites/characters/battle/frames/mina/attack_1.png","224","336","b62162b92e1aa01fab1a5bd5160c0349aa5db469ad9dbabc0dec0223c67b0aa7"
"mina","attack_2","assets/sprites/characters/battle/frames/mina/attack_2.png","224","336","81a188f2cbcdd933d88106bc3cfcc53725a7a213aa8b84369ad593f8642fe3ac"
"mina","attack_3","assets/sprites/characters/battle/frames/mina/attack_3.png","224","336","f49fbdafc8a801a4f87ed3d6aa31ab4a9e7a63d230723928f214eb1c41ceb4cc"
"mina","hit_0","assets/sprites/characters/battle/frames/mina/hit_0.png","224","336","c854e294b30c26d60b5ae8cfcc320e59d5821dadc1575ab38514feb7dddbb014"
"mina","hit_1","assets/sprites/characters/battle/frames/mina/hit_1.png","224","336","89d621ffc47222de83fa908742cdc325e4fed22f201e6ed1b76a63bcba48b4bb"
"mina","death_0","assets/sprites/characters/battle/frames/mina/death_0.png","224","336","c3ec92f13ed4693bff59ca9ed0438e7e08d2fb24568fbc957598997c76b54539"
"mina","death_1","assets/sprites/characters/battle/frames/mina/death_1.png","224","336","75ec63208b14b0c3a86ded375f83115d19f9b11b024228b0701fd4589dd10231"
"mina","death_2","assets/sprites/characters/battle/frames/mina/death_2.png","224","336","bab721408334bf2d1116e0a753b7150a30238f47afc905d71d913c7c1d3d9bfd"
"mina","death_3","assets/sprites/characters/battle/frames/mina/death_3.png","224","336","1f683ea1dbcce0f87dc927ebf1e847ed05adc23757c2a697a7155a214c4aa143"
"pterosaur_queen","idle_0","assets/sprites/enemies/battle/frames/pterosaur_queen/idle_0.png","248","312","38fe81dccbfc3b0adfd5e0a3b0e49c8b13cfbf045072e498c5b77a52addd7885"
"pterosaur_queen","idle_1","assets/sprites/enemies/battle/frames/pterosaur_queen/idle_1.png","248","312","040a9e5042c9b6d857a238f8971a5e08a578efd01217d605fc6118f11a7bfb67"
"pterosaur_queen","idle_2","assets/sprites/enemies/battle/frames/pterosaur_queen/idle_2.png","248","312","1bda09eb4e5d8893f803e986ee751b1f12b3ef9279ce007fe7f16e2c402c8cd9"
"pterosaur_queen","idle_3","assets/sprites/enemies/battle/frames/pterosaur_queen/idle_3.png","248","312","bb20bb25ae6cb7eb1b105f6ab9f5e17a9a0e13659ceef54f2767e7922e3abf57"
"pterosaur_queen","attack_0","assets/sprites/enemies/battle/frames/pterosaur_queen/attack_0.png","248","312","cf359de10b0a67017a6e14fff6ee31a9c2d72a8e350079aee2d19a968caed686"
"pterosaur_queen","attack_1","assets/sprites/enemies/battle/frames/pterosaur_queen/attack_1.png","248","312","1b7c06bd42c3fc7e00aa8190b4b6626b7915856cc3ed60206a6f623c1d26f84a"
"pterosaur_queen","attack_2","assets/sprites/enemies/battle/frames/pterosaur_queen/attack_2.png","248","312","59b762fcdb25f0b5c862bd7dfdb4c63946d1d319cb2b596dc5e0d83f47d8607a"
"pterosaur_queen","attack_3","assets/sprites/enemies/battle/frames/pterosaur_queen/attack_3.png","248","312","6844e4ef32edcde5983bc334229ca4e07e38335b750a511b4b221c7be251549b"
"pterosaur_queen","hit_0","assets/sprites/enemies/battle/frames/pterosaur_queen/hit_0.png","248","312","b13090022051d40106ba55398809325baef1ac078deb0382598209abe359a6fa"
"pterosaur_queen","hit_1","assets/sprites/enemies/battle/frames/pterosaur_queen/hit_1.png","248","312","73f39cb221b8bd28878d4ca2ec38e4f12d2609ba5616712d8f0ae45de610321a"
"pterosaur_queen","death_0","assets/sprites/enemies/battle/frames/pterosaur_queen/death_0.png","248","312","230dd47ebfcab434085b7256bad8b5f9151d2b721e2f8b3f70d33e190679208e"
"pterosaur_queen","death_1","assets/sprites/enemies/battle/frames/pterosaur_queen/death_1.png","248","312","b8aa912c542b6d3cf2896e6de19d4f1fbdf04938aaabbfa0b46ee94b3c4b4b3f"
"pterosaur_queen","death_2","assets/sprites/enemies/battle/frames/pterosaur_queen/death_2.png","248","312","41521ed5a02399520471b86b1a347cd877f24560e84996d7b83a305ce76c286f"
"pterosaur_queen","death_3","assets/sprites/enemies/battle/frames/pterosaur_queen/death_3.png","248","312","dddf9f39f15ebad77757deebbdda06200506945fd33ba556bcb762ccb591dc0d"
"seoa","idle_0","assets/sprites/enemies/battle/frames/seoa/idle_0.png","248","312","aae7b688cd1850f8dff4e89e49cc1150506c965adc4fb6ed8402f5b6ff69175a"
"seoa","idle_1","assets/sprites/enemies/battle/frames/seoa/idle_1.png","248","312","9c5f00031912e734d0e2699715b3108a1ee39cb2e1d4489272185d0e4e823cda"
"seoa","idle_2","assets/sprites/enemies/battle/frames/seoa/idle_2.png","248","312","0c128c2bffefa608ca51343a582644b7a9c7377bd253509aa0390f62683d9d98"
"seoa","idle_3","assets/sprites/enemies/battle/frames/seoa/idle_3.png","248","312","2d18fe6045ab023e91fbc9201b35f38f1ebf02bdfd476a7c37e8aa19f6f5ae62"
"seoa","attack_0","assets/sprites/enemies/battle/frames/seoa/attack_0.png","248","312","89992c5b1eaab5d0c7870475530bb625e1635552416160a6660a4c721b9e71e7"
"seoa","attack_1","assets/sprites/enemies/battle/frames/seoa/attack_1.png","248","312","1a901ded0cfb34b22b7c859b108457d4b629060b2676749573927e5dd8021cdb"
"seoa","attack_2","assets/sprites/enemies/battle/frames/seoa/attack_2.png","248","312","60df1d97dcc446e0c9af11f9ac7778b91ee1f7866aff46ab71ff4a65f212cfd2"
"seoa","attack_3","assets/sprites/enemies/battle/frames/seoa/attack_3.png","248","312","55c7232b43941c4e7c6f444d2a5fa8c722b7292b6d2b9928bcb3010deb2958b1"
"seoa","hit_0","assets/sprites/enemies/battle/frames/seoa/hit_0.png","248","312","08ab2f6e4619dc8c69d56fdcebbf2c4a2db9f73eb1bf871d6dfecf6116ffdd37"
"seoa","hit_1","assets/sprites/enemies/battle/frames/seoa/hit_1.png","248","312","013aee32ed500f11929ad504e7018cbfec1f9f53d274a4425780477d94e0680c"
"seoa","death_0","assets/sprites/enemies/battle/frames/seoa/death_0.png","248","312","220886bf30148faf1eec6e754c6880de61d4c51b00d0fce3e54e2d090848c7e8"
"seoa","death_1","assets/sprites/enemies/battle/frames/seoa/death_1.png","248","312","d055da73aecb9315e42a5be968d4ad1c1bff3528532eacfaa1ca833412c0f3ce"
"seoa","death_2","assets/sprites/enemies/battle/frames/seoa/death_2.png","248","312","0a44c27483f440a1804d70b0766dfca1f4d5825456af7ab4c9f6b174431b52ff"
"seoa","death_3","assets/sprites/enemies/battle/frames/seoa/death_3.png","248","312","1a48bb3e37afdc95b9c15f2938230a004de0b9e66238f44fadcf298097f0cfd7"
"seola","idle_0","assets/sprites/characters/battle/frames/seola/idle_0.png","224","336","f103ec27d6340908337e08451afb005fefe5f373880c5229b754410cfb815770"
"seola","idle_1","assets/sprites/characters/battle/frames/seola/idle_1.png","224","336","05fc9a8c22dd86471c9b1d29f4fbf69a3b2289ddefe02047dc0c6946424d22a5"
"seola","idle_2","assets/sprites/characters/battle/frames/seola/idle_2.png","224","336","fa72bce672ee86a5302c5f5b8311d087d9032234f30f00e6e89459816390f2d3"
"seola","idle_3","assets/sprites/characters/battle/frames/seola/idle_3.png","224","336","205f43f4c42c0fdd9cab5869391d3769993d560ab668c844e54a7f3891b35bb9"
"seola","attack_0","assets/sprites/characters/battle/frames/seola/attack_0.png","224","336","4dc0735f5ceb4cd13e508a04fcdfe48d8a4a8a764c7e224192a442565902837f"
"seola","attack_1","assets/sprites/characters/battle/frames/seola/attack_1.png","224","336","3cf5b63c725ccd96866df583a32732530ecda239338806e655b5d3392cde984f"
"seola","attack_2","assets/sprites/characters/battle/frames/seola/attack_2.png","224","336","033c23d2675a013d7933315d166e8cf9d1ce6fcc900542bb6781832aead4d50f"
"seola","attack_3","assets/sprites/characters/battle/frames/seola/attack_3.png","224","336","de6572d166bee716f2308aa0ff0677f53892b23e734261c7d8e99432a2344b68"
"seola","hit_0","assets/sprites/characters/battle/frames/seola/hit_0.png","224","336","dc6038c0955ad8653f7fd13f9ccb48aedbd191af69ac7ae6faedb19392cb6c67"
"seola","hit_1","assets/sprites/characters/battle/frames/seola/hit_1.png","224","336","61012b972fb954f617f4833ee9a79418fffca29d4d0acc97a0fe1dfda36e2456"
"seola","death_0","assets/sprites/characters/battle/frames/seola/death_0.png","224","336","e5d80004d598b01e4471109e7991662b5350fc3a4448bcc8efe0c28f29e672ef"
"seola","death_1","assets/sprites/characters/battle/frames/seola/death_1.png","224","336","436fa5bd15a299252245e58919566c5f4560d310d06fb7545554c766df880a1a"
"seola","death_2","assets/sprites/characters/battle/frames/seola/death_2.png","224","336","01a3de9b9d66af9ebd34841e31203b1e85096dca4ef97801f9d4f836c4045600"
"seola","death_3","assets/sprites/characters/battle/frames/seola/death_3.png","224","336","d70afcf7836ed5a55adc9f4971e76035d76f89f8b96b19c4907f881e6c2d0ab0"
"taehee","idle_0","assets/sprites/characters/battle/frames/taehee/idle_0.png","224","336","85f84577c272ee87ffc8e80e658fb2e7f78d91273b44b0cb4d23dce630038341"
"taehee","idle_1","assets/sprites/characters/battle/frames/taehee/idle_1.png","224","336","6073151be782c7f33365cb4fa992ca39fb509b0a634c2460fbec75beabdfe1d0"
"taehee","idle_2","assets/sprites/characters/battle/frames/taehee/idle_2.png","224","336","dc5e57943eaa5d648ebdb5d079b1143c7a3f6f04d884469aeeafdc32e8fa8a0f"
"taehee","idle_3","assets/sprites/characters/battle/frames/taehee/idle_3.png","224","336","eaad70c28412ae0ceab9601c0be9632b5065faf2686235902db7a58a73516f30"
"taehee","attack_0","assets/sprites/characters/battle/frames/taehee/attack_0.png","224","336","e7c47bd2c39b608831d2583a9eb44f4dc7006b60db48e13d3f797cd968ddfa99"
"taehee","attack_1","assets/sprites/characters/battle/frames/taehee/attack_1.png","224","336","44735675d9312d0e968a0f09f79e483d8252a29975ef9e234f35f0326495bd5f"
"taehee","attack_2","assets/sprites/characters/battle/frames/taehee/attack_2.png","224","336","c4ed92d0053220abe55a86a7bfe8eee9551cbc6bcf9c36db2d386171f43db4d0"
"taehee","attack_3","assets/sprites/characters/battle/frames/taehee/attack_3.png","224","336","a7c42daa42517bd74a2ba36121aeb6aa4a94850ec4de478e235635708947c416"
"taehee","hit_0","assets/sprites/characters/battle/frames/taehee/hit_0.png","224","336","52f9f9b4216daa5da08b57ba746445cd5290db1b8d12544fdb694bf24c7e1ee9"
"taehee","hit_1","assets/sprites/characters/battle/frames/taehee/hit_1.png","224","336","fb9cf99f0741ded97984366f8293dffdc249acaf8f1a5f67250ade8787560a16"
"taehee","death_0","assets/sprites/characters/battle/frames/taehee/death_0.png","224","336","91541c82b5c73630efe9ae063d5b4f9437463119bcb2ee75f64ad0b3505e6799"
"taehee","death_1","assets/sprites/characters/battle/frames/taehee/death_1.png","224","336","d4a706b027365f69d19c9cb6a56debb499b897a3f204096ab5bcf6b388500f0a"
"taehee","death_2","assets/sprites/characters/battle/frames/taehee/death_2.png","224","336","88ef31ba85d27c64f12860f15cc295ad9e1577e13836c22f1218952877f457da"
"taehee","death_3","assets/sprites/characters/battle/frames/taehee/death_3.png","224","336","706fbe2a050f248b306d41ec228042d1e3c82c4d79e1f43c97abc644d4b3e25f"
"velociraptor_beastfolk","idle_0","assets/sprites/enemies/battle/frames/velociraptor_beastfolk/idle_0.png","248","312","66fa2209786e73f58d1d4035d085829e326372063b362d3c137bcba6de9fd093"
"velociraptor_beastfolk","idle_1","assets/sprites/enemies/battle/frames/velociraptor_beastfolk/idle_1.png","248","312","a7d5e3dc1aaf66c583d50d3deb3814e6eb7b0b80298403f6745aa8924535fc45"
"velociraptor_beastfolk","idle_2","assets/sprites/enemies/battle/frames/velociraptor_beastfolk/idle_2.png","248","312","e2a8e78d62442ea88cde510c5528ae888574bafa4c453a24c90b5e30b0209c68"
"velociraptor_beastfolk","idle_3","assets/sprites/enemies/battle/frames/velociraptor_beastfolk/idle_3.png","248","312","4497c04428b4c786eadaf89ab13a102fee49304ccc7084e518e13941961cad4d"
"velociraptor_beastfolk","attack_0","assets/sprites/enemies/battle/frames/velociraptor_beastfolk/attack_0.png","248","312","fa444a0334fa9e6703e1da8100c422b859c5bbe2baaf0ac9dcda78b09fafd480"
"velociraptor_beastfolk","attack_1","assets/sprites/enemies/battle/frames/velociraptor_beastfolk/attack_1.png","248","312","300dd3f3ae9e2e9457bb940dcd935e706b517b7ec63815e892b5a04ed60de000"
"velociraptor_beastfolk","attack_2","assets/sprites/enemies/battle/frames/velociraptor_beastfolk/attack_2.png","248","312","790294bda0f511c82abc12b1efb14eb5d8c33ad6d542567fc305165a1d7c827e"
"velociraptor_beastfolk","attack_3","assets/sprites/enemies/battle/frames/velociraptor_beastfolk/attack_3.png","248","312","ee685520e51c459f03dcc9fa1bd6c68493127e1a23eae5c691b2a4aa0e6a848e"
"velociraptor_beastfolk","hit_0","assets/sprites/enemies/battle/frames/velociraptor_beastfolk/hit_0.png","248","312","d85725d18a9b8187b72d27970046c15bcc712f54739337cdec8c0681adecec88"
"velociraptor_beastfolk","hit_1","assets/sprites/enemies/battle/frames/velociraptor_beastfolk/hit_1.png","248","312","018883acd17942714cabb0d3bb85dafc562da7000fa0b5019b5e4570a398c8d9"
"velociraptor_beastfolk","death_0","assets/sprites/enemies/battle/frames/velociraptor_beastfolk/death_0.png","248","312","91b6aca871169eb2c109347f6f6a3bfbff0cfa0173addf1c5f277587da3929ae"
"velociraptor_beastfolk","death_1","assets/sprites/enemies/battle/frames/velociraptor_beastfolk/death_1.png","248","312","8062ec5b0648f2c3e658d8bab3e66e869cc62dc772b4ba06dc28f5274ca2e5fc"
"velociraptor_beastfolk","death_2","assets/sprites/enemies/battle/frames/velociraptor_beastfolk/death_2.png","248","312","71cd06ff767f431b02672e8dc10f6c17505e897ca37ec8a9f8a59a46aa3e3182"
"velociraptor_beastfolk","death_3","assets/sprites/enemies/battle/frames/velociraptor_beastfolk/death_3.png","248","312","d7206aa73a23400799a308735a0bb29228ffec90bd220dce550f9de8f5ab0924"
"velociraptor_beastfolk_2","idle_0","assets/sprites/enemies/battle/frames/velociraptor_beastfolk_2/idle_0.png","248","312","4ffa2ccbea441d58e0bf71faec7f7e49a627db9cc0ca241c086df8a9ca23bec5"
"velociraptor_beastfolk_2","idle_1","assets/sprites/enemies/battle/frames/velociraptor_beastfolk_2/idle_1.png","248","312","6e455568bd599f5b7a7f8ef066dfce7f1c9b5d7429023314ae04db9b827ae426"
"velociraptor_beastfolk_2","idle_2","assets/sprites/enemies/battle/frames/velociraptor_beastfolk_2/idle_2.png","248","312","6244a02fa1de16d6c9ea38f4f167f647731f5fa87cbcaca083b6d64ac0aae812"
"velociraptor_beastfolk_2","idle_3","assets/sprites/enemies/battle/frames/velociraptor_beastfolk_2/idle_3.png","248","312","a5f64eb7764496a1c878fd4e0ebb02922b88d5691ff6cfa620f47c3562a81d23"
"velociraptor_beastfolk_2","attack_0","assets/sprites/enemies/battle/frames/velociraptor_beastfolk_2/attack_0.png","248","312","3173e1ebdb017460b76d42dd0738d952b4fd4c3ea6ee875f1b562754d7f224e6"
"velociraptor_beastfolk_2","attack_1","assets/sprites/enemies/battle/frames/velociraptor_beastfolk_2/attack_1.png","248","312","d7133bca16d40128ac4d506af6572930f0891ed150b702dc8f77b95c4464f9d4"
"velociraptor_beastfolk_2","attack_2","assets/sprites/enemies/battle/frames/velociraptor_beastfolk_2/attack_2.png","248","312","5ae1ad5125f3a2ad737a2c83e1e2ec2ea39685b67b0a5b69637020b199e112ae"
"velociraptor_beastfolk_2","attack_3","assets/sprites/enemies/battle/frames/velociraptor_beastfolk_2/attack_3.png","248","312","7296b51b654a6a1cd12d0e88349c28c5d4838df744c67a47548310e8e6ff8d6f"
"velociraptor_beastfolk_2","hit_0","assets/sprites/enemies/battle/frames/velociraptor_beastfolk_2/hit_0.png","248","312","1340be3eca759e9e2120c4df045f440b8798f2af7b9a10acab518eeb7ef804d4"
"velociraptor_beastfolk_2","hit_1","assets/sprites/enemies/battle/frames/velociraptor_beastfolk_2/hit_1.png","248","312","4c2dd3b16c30bcaae8d6b099e60b652c3f68a64ada91b4956059edf6599b4b6d"
"velociraptor_beastfolk_2","death_0","assets/sprites/enemies/battle/frames/velociraptor_beastfolk_2/death_0.png","248","312","8cd6ba7955e3c6d525ac8de0d92519441a7b1756f87e9ce0ab9cea5fffd73822"
"velociraptor_beastfolk_2","death_1","assets/sprites/enemies/battle/frames/velociraptor_beastfolk_2/death_1.png","248","312","dead9e51fdca58aa584bb101a59c40c356d6679c7fa8b4fec8ec0d5ec54eb878"
"velociraptor_beastfolk_2","death_2","assets/sprites/enemies/battle/frames/velociraptor_beastfolk_2/death_2.png","248","312","04ce33c663d3d913630c5f845463f5199d6a474915948e87e097354558fd74d1"
"velociraptor_beastfolk_2","death_3","assets/sprites/enemies/battle/frames/velociraptor_beastfolk_2/death_3.png","248","312","06b11d595bad24b4a434e427e2651cdd380c726f9a42acc5e3becb0946368d4f"
